year,start,end,AverageIncome,Threshold(JOD),Share,width,range,width/range,pdf,cdf
1992,0,1,136.0546034,-150587.7031,0.000302421,1,150907.9112,6.63E-06,3.36E-06,3.36E-06
1992,1,2,394.9087467,320.2080688,0.0008778,1,127.9992371,0.007812547,3.96E-03,3.96E-03
1992,2,3,497.8279037,448.2073059,0.001106568,1,99.5208435,0.010048146,5.09E-03,9.05E-03
1992,3,4,597.1440297,547.7281494,0.001327328,1,98.0629273,0.010197534,5.17E-03,1.42E-02
1992,4,5,691.3470936,645.7910767,0.001536722,1,88.1221313,0.011347887,5.75E-03,2.00E-02
1992,5,6,769.1097673,733.913208,0.001709572,1,66.2485962,0.015094659,7.65E-03,2.76E-02
1992,6,7,824.3520701,800.1618042,0.001832364,1,45.6962891,0.021883615,1.11E-02,3.87E-02
1992,7,8,863.210703,845.8580933,0.001918739,1,33.264038,0.030062496,1.52E-02,5.39E-02
1992,8,9,893.023971,879.1221313,0.001985007,1,27.3504029,0.036562533,1.85E-02,7.24E-02
1992,9,10,919.7592518,906.4725342,0.002044434,1,26.8416137,0.037255584,1.89E-02,9.13E-02
1992,10,11,947.8530997,933.3141479,0.002106881,1,29.8013306,0.033555549,1.70E-02,1.08E-01
1992,11,12,980.1674091,963.1154785,0.002178709,1,34.9273071,0.028630893,1.45E-02,1.23E-01
1992,12,13,1017.710159,998.0427856,0.002262159,1,40.2131954,0.024867459,1.26E-02,1.35E-01
1992,13,14,1060.134952,1038.255981,0.002356461,1,44.151978,0.022649042,1.15E-02,1.47E-01
1992,14,15,1104.788131,1082.407959,0.002455715,1,44.315918,0.022565255,1.14E-02,1.58E-01
1992,15,16,1146.854585,1126.723877,0.00254922,1,39.116577,0.025564609,1.30E-02,1.71E-01
1992,16,17,1182.69017,1165.840454,0.002628875,1,32.705811,0.030575606,1.55E-02,1.87E-01
1992,17,18,1212.722988,1198.546265,0.002695632,1,27.600097,0.036231757,1.84E-02,2.05E-01
1992,18,19,1238.447985,1226.146362,0.002752814,1,24.226441,0.041277214,2.09E-02,2.26E-01
1992,19,20,1261.673826,1250.372803,0.00280444,1,22.459106,0.04452537,2.26E-02,2.49E-01
1992,20,21,1283.889174,1272.831909,0.00285382,1,22.146362,0.045154143,2.29E-02,2.72E-01
1992,21,22,1306.386186,1294.978271,0.002903826,1,22.96875,0.043537415,2.21E-02,2.94E-01
1992,22,23,1330.019597,1317.947021,0.002956358,1,24.400513,0.040982745,2.08E-02,3.15E-01
1992,23,24,1355.357764,1342.347534,0.00301268,1,26.391602,0.037890841,1.92E-02,3.34E-01
1992,24,25,1382.728963,1368.739136,0.00307352,1,28.496826,0.035091627,1.78E-02,3.52E-01
1992,25,26,1412.340803,1397.235962,0.003139341,1,30.626343,0.032651629,1.66E-02,3.68E-01
1992,26,27,1444.114933,1427.862305,0.003209969,1,32.717407,0.030564769,1.55E-02,3.84E-01
1992,27,28,1477.480063,1460.579712,0.003284132,1,33.834473,0.029555655,1.50E-02,3.99E-01
1992,28,29,1511.492424,1494.414185,0.003359735,1,33.943847,0.02946042,1.49E-02,4.14E-01
1992,29,30,1544.832205,1528.358032,0.003433842,1,32.712647,0.030569217,1.55E-02,4.29E-01
1992,30,31,1577.053185,1561.070679,0.003505463,1,31.681884,0.031563779,1.60E-02,4.45E-01
1992,31,32,1608.368628,1592.752563,0.003575071,1,30.934083,0.032326803,1.64E-02,4.61E-01
1992,32,33,1639.080101,1623.686646,0.003643336,1,30.674316,0.032600564,1.65E-02,4.78E-01
1992,33,34,1669.664201,1654.360962,0.003711318,1,30.759033,0.032510775,1.65E-02,4.94E-01
1992,34,35,1700.556991,1685.119995,0.003779986,1,31.141846,0.032111134,1.63E-02,5.11E-01
1992,35,36,1732.090203,1716.261841,0.003850078,1,31.861084,0.031386252,1.59E-02,5.27E-01
1992,36,37,1764.459399,1748.122925,0.003922028,1,32.890625,0.0304038,1.54E-02,5.42E-01
1992,37,38,1797.914717,1781.01355,0.003996392,1,33.913574,0.029486718,1.49E-02,5.57E-01
1992,38,39,1832.4064,1814.927124,0.00407306,1,35.119019,0.028474599,1.44E-02,5.71E-01
1992,39,40,1867.815665,1850.046143,0.004151768,1,35.697998,0.028012775,1.42E-02,5.86E-01
1992,40,41,1903.763958,1885.744141,0.004231673,1,36.063476,0.027728886,1.41E-02,6.00E-01
1992,41,42,1939.897025,1921.807617,0.00431199,1,36.194214,0.027628725,1.40E-02,6.14E-01
1992,42,43,1976.038681,1958.001831,0.004392325,1,36.209717,0.027616896,1.40E-02,6.28E-01
1992,43,44,2012.44807,1994.211548,0.004473256,1,36.402099,0.027470943,1.39E-02,6.42E-01
1992,44,45,2049.011018,2030.613647,0.004554527,1,36.93982,0.027071058,1.37E-02,6.55E-01
1992,45,46,2086.111107,2067.553467,0.004636993,1,37.216308,0.026869941,1.36E-02,6.69E-01
1992,46,47,2123.862723,2104.769775,0.004720907,1,38.145996,0.026215071,1.33E-02,6.82E-01
1992,47,48,2162.513905,2142.915771,0.004806821,1,39.328614,0.02542678,1.29E-02,6.95E-01
1992,48,49,2202.124568,2182.244385,0.004894867,1,40.054931,0.024965715,1.27E-02,7.08E-01
1992,49,50,2242.798831,2222.299316,0.004985278,1,41.173096,0.024287705,1.23E-02,7.20E-01
1992,50,51,2284.342912,2263.472412,0.005077621,1,42.033203,0.023790716,1.21E-02,7.32E-01
1992,51,52,2326.668196,2305.505615,0.005171702,1,42.543701,0.023505242,1.19E-02,7.44E-01
1992,52,53,2369.622589,2348.049316,0.005267181,1,43.237793,0.023127915,1.17E-02,7.56E-01
1992,53,54,2413.264331,2391.287109,0.005364187,1,44.083985,0.022683975,1.15E-02,7.67E-01
1992,54,55,2457.605783,2435.371094,0.005462749,1,44.694824,0.022373955,1.13E-02,7.79E-01
1992,55,56,2502.878015,2480.065918,0.00556338,1,45.77002,0.021848363,1.11E-02,7.90E-01
1992,56,57,2549.256165,2525.835938,0.005666469,1,46.93872,0.021304373,1.08E-02,8.00E-01
1992,57,58,2596.860482,2572.774658,0.005772283,1,48.312256,0.020698682,1.05E-02,8.11E-01
1992,58,59,2645.898784,2621.086914,0.005881285,1,49.791992,0.020083551,1.02E-02,8.21E-01
1992,59,60,2696.341742,2670.878906,0.00599341,1,51.313233,0.01948815,9.88E-03,8.31E-01
1992,60,61,2748.432577,2722.192139,0.006109197,1,52.869384,0.018914539,9.59E-03,8.41E-01
1992,61,62,2802.12604,2775.061523,0.006228546,1,54.334473,0.018404522,9.33E-03,8.50E-01
1992,62,63,2857.291616,2829.395996,0.006351168,1,56.011231,0.017853562,9.05E-03,8.59E-01
1992,63,64,2913.945435,2885.407227,0.006477098,1,57.273437,0.017460101,8.85E-03,8.68E-01
1992,64,65,2971.965992,2942.680664,0.006606065,1,58.741455,0.017023753,8.63E-03,8.76E-01
1992,65,66,3030.94624,3001.422119,0.006737166,1,59.304688,0.016862073,8.55E-03,8.85E-01
1992,66,67,3090.465934,3060.726807,0.006869466,1,59.638427,0.016767713,8.50E-03,8.94E-01
1992,67,68,3150.203083,3120.365234,0.007002249,1,59.81836,0.016717275,8.48E-03,9.02E-01
1992,68,69,3210.166485,3180.183594,0.007135536,1,60.187988,0.016614611,8.42E-03,9.10E-01
1992,69,70,3270.847403,3240.371582,0.007270417,1,61.036377,0.016383672,8.31E-03,9.19E-01
1992,70,71,3333.008395,3301.407959,0.007408588,1,63.430176,0.015765367,7.99E-03,9.27E-01
1992,71,72,3397.567881,3364.838135,0.00755209,1,65.82959,0.015190737,7.70E-03,9.34E-01
1992,72,73,3465.181995,3430.667725,0.007702382,1,69.365966,0.014416292,7.31E-03,9.42E-01
1992,73,74,3536.070916,3500.033691,0.007859954,1,72.639649,0.013766586,6.98E-03,9.49E-01
1992,74,75,3610.493578,3572.67334,0.00802538,1,76.296387,0.013106781,6.64E-03,9.55E-01
1992,75,76,3688.683776,3648.969727,0.008199181,1,80.311767,0.012451476,6.31E-03,9.62E-01
1992,76,77,3771.11748,3729.281494,0.008382414,1,84.708496,0.011805191,5.98E-03,9.68E-01
1992,77,78,3859.032379,3813.98999,0.00857783,1,91.619873,0.010914663,5.53E-03,9.73E-01
1992,78,79,3956.157043,3905.609863,0.008793718,1,103.734619,0.009639983,4.89E-03,9.78E-01
1992,79,80,4071.127644,4009.344482,0.009049274,1,128.447998,0.007785252,3.95E-03,9.82E-01
1992,80,81,4216.204175,4137.79248,0.009371749,1,163.492188,0.0061165,3.10E-03,9.85E-01
1992,81,82,4399.217514,4301.284668,0.00977855,1,203.970215,0.004902677,2.49E-03,9.88E-01
1992,82,83,4628.829391,4505.254883,0.01028893,1,251.987793,0.003968446,2.01E-03,9.90E-01
1992,83,84,4897.351384,4757.242676,0.010885798,1,290.522461,0.003442075,1.74E-03,9.91E-01
1992,84,85,5220.748594,5047.765137,0.011604643,1,353.79541,0.002826492,1.43E-03,9.93E-01
1992,85,86,5602.671659,5401.560547,0.012453579,1,419.777832,0.002382213,1.21E-03,9.94E-01
1992,86,87,6080.250838,5821.338379,0.013515139,1,531.947754,0.001879884,9.53E-04,9.95E-01
1992,87,88,6649.042347,6353.286133,0.014779445,1,608.367676,0.001643743,8.33E-04,9.96E-01
1992,88,89,7310.630379,6961.653809,0.016250018,1,707.951171,0.001412527,7.16E-04,9.96E-01
1992,89,90,8053.470152,7669.60498,0.017901197,1,781.127442,0.001280201,6.49E-04,9.97E-01
1992,90,91,8884.051781,8450.732422,0.019747408,1,881.380859,0.001134583,5.75E-04,9.98E-01
1992,91,92,9819.046781,9332.113281,0.021825708,1,1000.322269,0.000999678,5.07E-04,9.98E-01
1992,92,93,10895.62857,10332.43555,0.024218727,1,1158.8584,0.000862918,4.37E-04,9.99E-01
1992,93,94,12160.09526,11491.29395,0.027029375,1,1382.27441,0.000723445,3.67E-04,9.99E-01
1992,94,95,13690.08776,12873.56836,0.030430231,1,1704.79687,0.00058658,2.97E-04,9.99E-01
1992,95,96,15621.65888,14578.36523,0.034723714,1,2195.5625,0.000455464,2.31E-04,1.00E+00
1992,96,97,18210.541,16773.92773,0.040478263,1,3067.14258,0.000326036,1.65E-04,1.00E+00
1992,97,98,22047.04065,19841.07031,0.049006008,1,4867.65821,0.000205438,1.04E-04,1.00E+00
1992,98,99,29034.20091,24708.72852,0.064537019,1,10369.2832,9.64E-05,4.89E-05,1.00E+00
1992,99,99.1,36000,35078.01172,0.008013248,0.1,1961.60547,5.10E-05,2.58E-05,1.00E+00
1992,99.1,99.2,38177.5247,37039.61719,0.008486074,0.1,2351.24219,4.25E-05,2.16E-05,1.00E+00
1992,99.2,99.3,40797.09347,39390.85938,0.009068349,0.1,2925.70312,3.42E-05,1.73E-05,1.00E+00
1992,99.3,99.4,44062.10416,42316.5625,0.009794094,0.1,3698.77734,2.70E-05,1.37E-05,1.00E+00
1992,99.4,99.5,48344.00181,46015.33984,0.010745871,0.1,4870.08204,2.05E-05,1.04E-05,1.00E+00
1992,99.5,99.6,54128.4265,50885.42188,0.012031629,0.1,6838.52734,1.46E-05,7.41E-06,1.00E+00
1992,99.6,99.7,62573.42626,57723.94922,0.013908777,0.1,10550.69922,9.48E-06,4.80E-06,1.00E+00
1992,99.7,99.8,76549.04901,68274.64844,0.017015269,0.1,18636.34375,5.37E-06,2.72E-06,1.00E+00
1992,99.8,99.9,105829.6163,86910.99219,0.023523733,0.1,46661.11721,2.14E-06,1.09E-06,1.00E+00
1992,99.9,99.91,137000,133572.1094,0.003,0.01,9398.1562,1.06E-06,5.39E-07,1.00E+00
1992,99.91,99.92,148565.8804,142970.2656,0.003302312,0.01,11229.8594,8.90E-07,4.51E-07,1.00E+00
1992,99.92,99.93,160916.24,154200.125,0.003576835,0.01,13911.4688,7.19E-07,3.64E-07,1.00E+00
1992,99.93,99.94,176652.0399,168111.5938,0.003926609,0.01,17707.7812,5.65E-07,2.86E-07,1.00E+00
1992,99.94,99.95,196989.7371,185819.375,0.004378674,0.01,23348.75,4.28E-07,2.17E-07,1.00E+00
1992,99.95,99.96,224987.8882,209168.125,0.005001015,0.01,33627.2656,2.97E-07,1.51E-07,1.00E+00
1992,99.96,99.97,265885.0317,242795.3906,0.005910074,0.01,51024.3907,1.96E-07,9.94E-08,1.00E+00
1992,99.97,99.98,334857.1268,293819.7813,0.007443181,0.01,92278.0625,1.08E-07,5.49E-08,1.00E+00
1992,99.98,99.99,479755.5255,386097.8438,0.010663972,0.01,188802.5235,5.30E-08,2.69E-08,1.00E+00
1992,99.99,99.991,500000,574900.3673,0.0015,0.001,90041.69525,1.11E-08,5.63E-09,1.00E+00
1992,99.991,99.992,691192.0682,664942.0625,0.001536377,0.001,56360,1.77E-08,9.00E-09,1.00E+00
1992,99.992,99.993,753842.6469,721302.0625,0.001675636,0.001,67638.5,1.48E-08,7.50E-09,1.00E+00
1992,99.993,99.994,831011.4581,788940.5625,0.001847167,0.001,88131.25,1.13E-08,5.75E-09,1.00E+00
1992,99.994,99.995,933011.9325,877071.8125,0.002073892,0.001,116936.5,8.55E-09,4.34E-09,1.00E+00
1992,99.995,99.996,1071709.064,994008.3125,0.002382187,0.001,205991.6875,4.85E-09,2.46E-09,1.00E+00
1992,99.996,99.999,2100000,1200000,0.011566415,0.003,1792212.75,1.67E-09,8.49E-10,1.00E+00
1992,99.999,100,9163652.134,2992212.75,0.020368902,0.001,10491446.95,9.53E-11,4.83E-11,1.00E+00
2002,0,1,584.896087,-193598.9688,0.001129738,1,194310.4929,5.15E-06,3.14E-06,3.14E-06
2002,1,2,796.6835403,711.5241089,0.001538809,1,154.013916,0.00649292,3.96E-03,3.96E-03
2002,2,3,904.9532864,865.5380249,0.001747934,1,70.8775024,0.014108849,8.60E-03,1.26E-02
2002,3,4,955.2776203,936.4155273,0.001845136,1,35.9780884,0.027794695,1.69E-02,2.95E-02
2002,4,5,996.5156178,972.3936157,0.001924788,1,53.0380253,0.018854397,1.15E-02,4.10E-02
2002,5,6,1059.552397,1025.431641,0.002046545,1,68.384277,0.014623244,8.91E-03,4.99E-02
2002,6,7,1125.655182,1093.815918,0.002174224,1,62.014038,0.016125381,9.83E-03,5.97E-02
2002,7,8,1183.089372,1155.829956,0.002285159,1,54.115723,0.018478918,1.13E-02,7.10E-02
2002,8,9,1237.555557,1209.945679,0.002390361,1,55.033935,0.018170607,1.11E-02,8.21E-02
2002,9,10,1290.986882,1264.979614,0.002493565,1,50.556397,0.019779891,1.21E-02,9.42E-02
2002,10,11,1337.300033,1315.536011,0.002583019,1,42.295898,0.023642955,1.44E-02,1.09E-01
2002,11,12,1377.292402,1357.831909,0.002660265,1,39.087158,0.02558385,1.56E-02,1.24E-01
2002,12,13,1416.735939,1396.919067,0.002736451,1,39.222657,0.025495468,1.55E-02,1.40E-01
2002,13,14,1454.00199,1436.141724,0.002808431,1,34.557983,0.028936874,1.76E-02,1.57E-01
2002,14,15,1485.462579,1470.699707,0.002869198,1,29.189941,0.034258377,2.09E-02,1.78E-01
2002,15,16,1514.69385,1499.889648,0.002925659,1,30.161499,0.033154851,2.02E-02,1.98E-01
2002,16,17,1546.60105,1530.051147,0.002987288,1,33.384034,0.029954439,1.83E-02,2.17E-01
2002,17,18,1580.589181,1563.435181,0.003052937,1,34.343139,0.029117897,1.77E-02,2.34E-01
2002,18,19,1615.476802,1597.77832,0.003120323,1,35.756348,0.027967062,1.70E-02,2.51E-01
2002,19,20,1652.993945,1633.534668,0.003192788,1,39.611084,0.025245459,1.54E-02,2.67E-01
2002,20,21,1694.26045,1673.145752,0.003272495,1,42.322144,0.023628293,1.44E-02,2.81E-01
2002,21,22,1736.469842,1715.467896,0.003354023,1,41.741455,0.023956999,1.46E-02,2.96E-01
2002,22,23,1777.963812,1757.209351,0.00343417,1,41.803466,0.023921461,1.46E-02,3.10E-01
2002,23,24,1821.376704,1799.012817,0.003518022,1,45.352906,0.022049304,1.34E-02,3.24E-01
2002,24,25,1867.631874,1844.365723,0.003607365,1,46.083496,0.021699743,1.32E-02,3.37E-01
2002,25,26,1911.468594,1890.449219,0.003692037,1,40.759155,0.024534365,1.50E-02,3.52E-01
2002,26,27,1948.82011,1931.208374,0.003764182,1,34.691528,0.028825482,1.76E-02,3.70E-01
2002,27,28,1983.261482,1965.899902,0.003830706,1,35.336426,0.02829941,1.72E-02,3.87E-01
2002,28,29,2020.702079,2001.236328,0.003903023,1,39.634155,0.025230764,1.54E-02,4.02E-01
2002,29,30,2062.312735,2040.870483,0.003983395,1,43.116089,0.023193198,1.41E-02,4.16E-01
2002,30,31,2104.891832,2083.986572,0.004065637,1,40.616211,0.024620711,1.50E-02,4.31E-01
2002,31,32,2141.978033,2124.602783,0.00413727,1,34.263428,0.029185638,1.78E-02,4.49E-01
2002,32,33,2176.272705,2158.866211,0.004203511,1,35.57666,0.028108316,1.71E-02,4.66E-01
2002,33,34,2214.004292,2194.442871,0.00427639,1,39.707764,0.025183992,1.53E-02,4.82E-01
2002,34,35,2254.76705,2234.150635,0.004355124,1,41.22998,0.024254196,1.48E-02,4.96E-01
2002,35,36,2295.550059,2275.380615,0.004433897,1,39.964112,0.02502245,1.53E-02,5.12E-01
2002,36,37,2334.398355,2315.344727,0.004508933,1,37.9729,0.02633457,1.61E-02,5.28E-01
2002,37,38,2372.465293,2353.317627,0.00458246,1,38.847168,0.025741902,1.57E-02,5.43E-01
2002,38,39,2413.13475,2392.164795,0.004661014,1,42.466064,0.023548215,1.44E-02,5.58E-01
2002,39,40,2457.239919,2434.630859,0.004746204,1,45.674805,0.021893908,1.33E-02,5.71E-01
2002,40,41,2504.028853,2480.305664,0.004836578,1,47.710205,0.020959876,1.28E-02,5.84E-01
2002,41,42,2552.067092,2528.015869,0.004929364,1,47.80957,0.020916314,1.27E-02,5.97E-01
2002,42,43,2598.867357,2575.825439,0.00501976,1,45.816163,0.021826359,1.33E-02,6.10E-01
2002,43,44,2644.25703,2621.641602,0.005107431,1,45.040527,0.022202227,1.35E-02,6.23E-01
2002,44,45,2688.710808,2666.682129,0.005193294,1,43.825928,0.022817543,1.39E-02,6.37E-01
2002,45,46,2731.636104,2710.508057,0.005276205,1,41.618896,0.024027547,1.46E-02,6.52E-01
2002,46,47,2771.868955,2752.126953,0.005353916,1,39.306152,0.02544131,1.55E-02,6.67E-01
2002,47,48,2810.905781,2791.433105,0.005429316,1,39.278809,0.02545902,1.55E-02,6.83E-01
2002,48,49,2850.951549,2830.711914,0.005506665,1,40.710449,0.024563718,1.50E-02,6.98E-01
2002,49,50,2892.408392,2871.422363,0.00558674,1,42.430908,0.023567726,1.44E-02,7.12E-01
2002,50,51,2935.896141,2913.853271,0.005670737,1,44.664063,0.022389365,1.36E-02,7.26E-01
2002,51,52,2981.228194,2958.517334,0.005758297,1,45.671143,0.021895664,1.33E-02,7.39E-01
2002,52,53,3027.368125,3004.188477,0.005847417,1,46.614257,0.021452664,1.31E-02,7.52E-01
2002,53,54,3074.993626,3050.802734,0.005939406,1,48.563721,0.020591503,1.26E-02,7.65E-01
2002,54,55,3124.220418,3099.366455,0.006034489,1,49.863281,0.020054838,1.22E-02,7.77E-01
2002,55,56,3175.084904,3149.229736,0.006132735,1,52.077881,0.01920201,1.17E-02,7.89E-01
2002,56,57,3228.37206,3201.307617,0.00623566,1,54.499268,0.01834887,1.12E-02,8.00E-01
2002,57,58,3284.386135,3255.806885,0.006343852,1,57.38208,0.017427043,1.06E-02,8.11E-01
2002,58,59,3342.821192,3313.188965,0.00645672,1,59.614502,0.016774442,1.02E-02,8.21E-01
2002,59,60,3403.922174,3372.803467,0.006574738,1,62.697021,0.015949721,9.72E-03,8.31E-01
2002,60,61,3468.404864,3435.500488,0.006699287,1,66.582764,0.015018902,9.15E-03,8.40E-01
2002,61,62,3537.218416,3502.083252,0.006832202,1,70.825928,0.014119123,8.61E-03,8.48E-01
2002,62,63,3607.463776,3572.90918,0.006967882,1,68.729736,0.014549743,8.87E-03,8.57E-01
2002,63,64,3674.359733,3641.638916,0.007097093,1,64.57959,0.015484768,9.44E-03,8.67E-01
2002,64,65,3736.689769,3706.218506,0.007217485,1,60.450439,0.016542477,1.01E-02,8.77E-01
2002,65,66,3795.810715,3766.668945,0.007331678,1,58.20166,0.017181641,1.05E-02,8.87E-01
2002,66,67,3854.679244,3824.870605,0.007445383,1,60.167237,0.016620341,1.01E-02,8.97E-01
2002,67,68,3916.863905,3885.037842,0.007565494,1,64.791748,0.015434064,9.41E-03,9.07E-01
2002,68,69,3985.405995,3949.82959,0.007697885,1,72.432861,0.013805888,8.41E-03,9.15E-01
2002,69,70,4061.049262,4022.262451,0.007843991,1,78.514404,0.012736516,7.76E-03,9.23E-01
2002,70,71,4141.555467,4100.776855,0.00799949,1,81.951661,0.012202315,7.44E-03,9.30E-01
2002,71,72,4224.405024,4182.728516,0.008159515,1,83.853515,0.011925559,7.27E-03,9.38E-01
2002,72,73,4310.078658,4266.582031,0.008324996,1,88.206055,0.01133709,6.91E-03,9.44E-01
2002,73,74,4402.133347,4354.788086,0.008502801,1,96.956055,0.010313951,6.29E-03,9.51E-01
2002,74,75,4504.527716,4451.744141,0.008700578,1,106.948242,0.009350317,5.70E-03,9.56E-01
2002,75,76,4614.791119,4558.692383,0.008913553,1,112.286133,0.008905819,5.43E-03,9.62E-01
2002,76,77,4726.593131,4670.978516,0.009129501,1,110.796386,0.009025565,5.50E-03,9.67E-01
2002,77,78,4837.612097,4781.774902,0.009343936,1,112.304688,0.008904348,5.43E-03,9.73E-01
2002,78,79,4955.248382,4894.07959,0.009571153,1,125.922851,0.00794137,4.84E-03,9.78E-01
2002,79,80,5094.935804,5020.002441,0.009840962,1,158.08545,0.006325693,3.86E-03,9.82E-01
2002,80,81,5278.049497,5178.087891,0.010194649,1,208.66748,0.004792314,2.92E-03,9.84E-01
2002,81,82,5508.46419,5386.755371,0.010639699,1,249.369141,0.004010119,2.44E-03,9.87E-01
2002,82,83,5776.154578,5636.124512,0.011156748,1,283.675781,0.003525151,2.15E-03,9.89E-01
2002,83,84,6079.278285,5919.800293,0.011742237,1,335.738281,0.002978511,1.82E-03,9.91E-01
2002,84,85,6471.327871,6255.538574,0.012499488,1,447.751465,0.002233382,1.36E-03,9.92E-01
2002,85,86,6960.068704,6703.290039,0.0134435,1,530.09375,0.001886459,1.15E-03,9.93E-01
2002,86,87,7536.615815,7233.383789,0.014557111,1,612.396484,0.001632929,9.95E-04,9.94E-01
2002,87,88,8173.681204,7845.780273,0.015787615,1,681.951172,0.001466381,8.94E-04,9.95E-01
2002,88,89,8954.491968,8527.731445,0.017295765,1,878.566407,0.001138218,6.94E-04,9.96E-01
2002,89,90,9900.694222,9406.297852,0.019123372,1,1000.785158,0.000999215,6.09E-04,9.97E-01
2002,90,91,10920.92423,10407.08301,0.021093965,1,1026.12012,0.000974545,5.94E-04,9.97E-01
2002,91,92,11943.83028,11433.20313,0.023069726,1,1036.40039,0.000964878,5.88E-04,9.98E-01
2002,92,93,13056.75964,12469.60352,0.02521937,1,1218.06445,0.000820975,5.00E-04,9.98E-01
2002,93,94,14424.34099,13687.66797,0.027860878,1,1526.13867,0.000655248,3.99E-04,9.99E-01
2002,94,95,16117.36479,15213.80664,0.031130984,1,1855.98828,0.000538797,3.28E-04,9.99E-01
2002,95,96,18121.25501,17069.79492,0.035001535,1,2169.14258,0.000461012,2.81E-04,9.99E-01
2002,96,97,20847.37797,19238.9375,0.040267091,1,3705.99414,0.000269833,1.64E-04,9.99E-01
2002,97,98,25670.81278,22944.93164,0.049583644,1,5887.94531,0.000169839,1.04E-04,1.00E+00
2002,98,99,31739.35649,28832.87695,0.061305147,1,6075.06836,0.000164607,1.00E-04,1.00E+00
2002,99,99.1,35409.64887,34907.94531,0.006839438,0.1,1036.07813,9.65E-05,5.88E-05,1.00E+00
2002,99.1,99.2,36586.58308,35944.02344,0.007066765,0.1,1312.84375,7.62E-05,4.64E-05,1.00E+00
2002,99.2,99.3,38053.28775,37256.86719,0.007350062,0.1,1659.58203,6.03E-05,3.67E-05,1.00E+00
2002,99.3,99.4,39924.31712,38916.44922,0.007711455,0.1,2115.55469,4.73E-05,2.88E-05,1.00E+00
2002,99.4,99.5,42376.82092,41032.00391,0.00818516,0.1,2825.11328,3.54E-05,2.16E-05,1.00E+00
2002,99.5,99.6,45735.00866,43857.11719,0.0088338,0.1,4028.60937,2.48E-05,1.51E-05,1.00E+00
2002,99.6,99.7,50744.20381,47885.72656,0.009801336,0.1,6219.74219,1.61E-05,9.80E-06,1.00E+00
2002,99.7,99.8,59138.24596,54105.46875,0.01142266,0.1,11414.58203,8.76E-06,5.34E-06,1.00E+00
2002,99.8,99.9,77377.6416,65520.05078,0.014945633,0.1,29716.91016,3.37E-06,2.05E-06,1.00E+00
2002,99.9,99.91,98252.90353,95236.96094,0.001897773,0.01,6118.96876,1.63E-06,9.96E-07,1.00E+00
2002,99.91,99.92,104938.2561,101355.9297,0.002026902,0.01,7436.8984,1.34E-06,8.20E-07,1.00E+00
2002,99.92,99.93,113277.8057,108792.8281,0.002187982,0.01,9323.836,1.07E-06,6.54E-07,1.00E+00
2002,99.93,99.94,123771.9495,118116.6641,0.002390678,0.01,11893.1328,8.41E-07,5.12E-07,1.00E+00
2002,99.94,99.95,137695.5846,130009.7969,0.002659615,0.01,16270.5469,6.15E-07,3.75E-07,1.00E+00
2002,99.95,99.96,156892.6543,146280.3438,0.00303041,0.01,22982.0312,4.35E-07,2.65E-07,1.00E+00
2002,99.96,99.97,186193.3936,169262.375,0.003596359,0.01,36800.1875,2.72E-07,1.66E-07,1.00E+00
2002,99.97,99.98,235680.7264,206062.5625,0.004552216,0.01,67371.4063,1.48E-07,9.05E-08,1.00E+00
2002,99.98,99.99,345247.7542,273433.9688,0.006668523,0.01,179817.0937,5.56E-08,3.39E-08,1.00E+00
2002,99.99,99.991,471074.802,453251.0625,0.00090989,0.001,37027.5,2.70E-08,1.65E-08,1.00E+00
2002,99.991,99.992,511348.2159,490278.5625,0.000987678,0.001,43677,2.29E-08,1.40E-08,1.00E+00
2002,99.992,99.993,561152.5281,533955.5625,0.001083876,0.001,56491.125,1.77E-08,1.08E-08,1.00E+00
2002,99.993,99.994,625093.0768,590446.6875,0.001207379,0.001,73155.1875,1.37E-08,8.33E-09,1.00E+00
2002,99.994,99.995,709108.7049,663601.875,0.001369656,0.001,96978.875,1.03E-08,6.28E-09,1.00E+00
2002,99.995,99.996,825120.9761,760580.75,0.001593736,0.001,138299.6875,7.23E-09,4.41E-09,1.00E+00
2002,99.996,99.997,998659.8334,898880.4375,0.00192893,0.001,217122.1875,4.61E-09,2.81E-09,1.00E+00
2002,99.997,99.998,1292607.219,1116002.625,0.002496694,0.001,400339.75,2.50E-09,1.52E-09,1.00E+00
2002,99.998,99.999,1928201.021,1516342.375,0.003724356,0.001,1033744.375,9.67E-10,5.90E-10,1.00E+00
2002,99.999,100,9991027.624,2550086.75,0.019297852,0.001,12649599.49,7.91E-11,4.82E-11,1.00E+00
2006,0,1,402.7610795,-321163.8438,0.000663802,1,321730.3637,3.11E-06,2.33E-06,2.33E-06
2006,1,2,677.0743377,566.5198975,0.001115905,1,206.888977,0.00483351,3.62E-03,3.62E-03
2006,2,3,840.2741825,773.4088745,0.001384879,1,121.996521,0.008196955,6.14E-03,9.76E-03
2006,3,4,933.9987993,895.4053955,0.001539349,1,71.5530396,0.013975647,1.05E-02,2.03E-02
2006,4,5,995.4563996,966.9584351,0.001640639,1,57.2440799,0.017469055,1.31E-02,3.34E-02
2006,5,6,1054.433796,1024.202515,0.001737841,1,61.707031,0.016205609,1.21E-02,4.55E-02
2006,6,7,1119.759929,1085.909546,0.001845507,1,68.719849,0.014551836,1.09E-02,5.64E-02
2006,7,8,1191.35922,1154.629395,0.001963512,1,73.860351,0.013539064,1.01E-02,6.65E-02
2006,8,9,1265.959858,1228.489746,0.002086463,1,74.766602,0.013374956,1.00E-02,7.65E-02
2006,9,10,1339.973096,1303.256348,0.002208446,1,72.791381,0.01373789,1.03E-02,8.68E-02
2006,10,11,1409.915221,1376.047729,0.00232372,1,66.560303,0.01502397,1.12E-02,9.80E-02
2006,11,12,1471.622162,1442.608032,0.002425421,1,56.142822,0.017811716,1.33E-02,1.11E-01
2006,12,13,1523.35164,1498.750854,0.002510677,1,48.889039,0.020454483,1.53E-02,1.27E-01
2006,13,14,1572.891435,1547.639893,0.002592325,1,51.38269,0.019461807,1.46E-02,1.41E-01
2006,14,15,1626.818083,1599.022583,0.002681203,1,56.182495,0.017799138,1.33E-02,1.54E-01
2006,15,16,1682.62602,1655.205078,0.002773182,1,54.116333,0.01847871,1.38E-02,1.68E-01
2006,16,17,1733.598998,1709.321411,0.002857192,1,48.043335,0.020814542,1.56E-02,1.84E-01
2006,17,18,1780.000202,1757.364746,0.002933667,1,45.36438,0.022043727,1.65E-02,2.00E-01
2006,18,19,1826.072671,1802.729126,0.0030096,1,47.363037,0.021113511,1.58E-02,2.16E-01
2006,19,20,1875.773937,1850.092163,0.003091514,1,52.207398,0.019154373,1.43E-02,2.30E-01
2006,20,21,1929.887202,1902.299561,0.0031807,1,55.494384,0.018019841,1.35E-02,2.44E-01
2006,21,22,1985.810274,1957.793945,0.003272868,1,55.661743,0.017965661,1.35E-02,2.57E-01
2006,22,23,2039.410447,2013.455688,0.003361208,1,50.746216,0.019705903,1.48E-02,2.72E-01
2006,23,24,2086.801811,2064.201904,0.003439315,1,44.410401,0.022517248,1.69E-02,2.89E-01
2006,24,25,2130.095079,2108.612305,0.003510668,1,43.124756,0.023188537,1.74E-02,3.07E-01
2006,25,26,2173.715245,2151.737061,0.003582559,1,43.939453,0.02275859,1.70E-02,3.24E-01
2006,26,27,2217.18072,2195.676514,0.003654196,1,42.488525,0.023535766,1.76E-02,3.41E-01
2006,27,28,2258.344063,2238.165039,0.003722038,1,40.032959,0.024979418,1.87E-02,3.60E-01
2006,28,29,2298.273131,2278.197998,0.003787847,1,40.238525,0.024851806,1.86E-02,3.78E-01
2006,29,30,2338.595353,2318.436523,0.003854303,1,40.667481,0.024589672,1.84E-02,3.97E-01
2006,30,31,2379.714195,2359.104004,0.003922072,1,41.566162,0.024058031,1.80E-02,4.15E-01
2006,31,32,2422.280206,2400.670166,0.003992226,1,43.696289,0.022885239,1.71E-02,4.32E-01
2006,32,33,2466.858464,2444.366455,0.004065697,1,44.975586,0.022234285,1.66E-02,4.49E-01
2006,33,34,2510.606903,2489.342041,0.0041378,1,41.958252,0.023833214,1.78E-02,4.66E-01
2006,34,35,2551.274812,2531.300293,0.004204826,1,40.222168,0.024861912,1.86E-02,4.85E-01
2006,35,36,2593.712267,2571.522461,0.004274768,1,45.29956,0.02207527,1.65E-02,5.01E-01
2006,36,37,2641.489439,2616.822021,0.004353511,1,49.897706,0.020041001,1.50E-02,5.16E-01
2006,37,38,2692.072229,2666.719727,0.004436878,1,50.307861,0.019877609,1.49E-02,5.31E-01
2006,38,39,2741.063474,2717.027588,0.004517621,1,47.975342,0.020844041,1.56E-02,5.47E-01
2006,39,40,2789.980128,2765.00293,0.004598242,1,50.438232,0.01982623,1.48E-02,5.62E-01
2006,40,41,2841.905547,2815.441162,0.004683822,1,53.254883,0.018777621,1.41E-02,5.76E-01
2006,41,42,2895.223039,2868.696045,0.004771696,1,52.961182,0.018881754,1.41E-02,5.90E-01
2006,42,43,2947.289445,2921.657227,0.004857508,1,50.928222,0.019635478,1.47E-02,6.05E-01
2006,43,44,2998.042889,2972.585449,0.004941156,1,51.261231,0.01950792,1.46E-02,6.19E-01
2006,44,45,3050.760832,3023.84668,0.005028042,1,54.690429,0.018284735,1.37E-02,6.33E-01
2006,45,46,3107.099238,3078.537109,0.005120895,1,57.607666,0.017358801,1.30E-02,6.46E-01
2006,46,47,3165.275564,3136.144775,0.005216777,1,57.760987,0.017312724,1.30E-02,6.59E-01
2006,47,48,3221.36703,3193.905762,0.005309223,1,54.667724,0.018292329,1.37E-02,6.73E-01
2006,48,49,3276.74141,3248.573486,0.005400487,1,57.419922,0.017415558,1.30E-02,6.86E-01
2006,49,50,3336.0284,3305.993408,0.005498199,1,60.665772,0.01648376,1.23E-02,6.98E-01
2006,50,51,3396.929821,3366.65918,0.005598573,1,60.31665,0.01657917,1.24E-02,7.10E-01
2006,51,52,3457.027416,3426.97583,0.005697621,1,60.313477,0.016580042,1.24E-02,7.23E-01
2006,52,53,3518.541666,3487.289307,0.005799004,1,62.858398,0.015908773,1.19E-02,7.35E-01
2006,53,54,3582.864924,3550.147705,0.005905017,1,65.922119,0.015169415,1.14E-02,7.46E-01
2006,54,55,3649.659275,3616.069824,0.006015103,1,66.888428,0.014950269,1.12E-02,7.57E-01
2006,55,56,3716.292295,3682.958252,0.006124923,1,66.151855,0.015116734,1.13E-02,7.69E-01
2006,56,57,3781.773119,3749.110107,0.006232843,1,64.951905,0.015396007,1.15E-02,7.80E-01
2006,57,58,3846.284831,3814.062012,0.006339167,1,64.286377,0.015555395,1.16E-02,7.92E-01
2006,58,59,3909.906261,3878.348389,0.006444023,1,62.914795,0.015894513,1.19E-02,8.04E-01
2006,59,60,3971.959031,3941.263184,0.006546294,1,60.966552,0.016402437,1.23E-02,8.16E-01
2006,60,61,4032.531011,4002.229736,0.006646124,1,60.501709,0.016528459,1.24E-02,8.28E-01
2006,61,62,4092.986585,4062.731445,0.006745763,1,60.597657,0.016502288,1.24E-02,8.41E-01
2006,62,63,4154.505637,4123.329102,0.006847154,1,62.580078,0.015979526,1.20E-02,8.53E-01
2006,63,64,4218.071124,4185.90918,0.006951918,1,64.696289,0.015456837,1.16E-02,8.64E-01
2006,64,65,4284.064758,4250.605469,0.007060684,1,67.625488,0.014787324,1.11E-02,8.75E-01
2006,65,66,4353.380209,4318.230957,0.007174925,1,71.167481,0.014051361,1.05E-02,8.86E-01
2006,66,67,4426.802092,4389.398438,0.007295933,1,75.944824,0.013167454,9.86E-03,8.96E-01
2006,67,68,4505.073485,4465.343262,0.007424934,1,80.434082,0.012432541,9.31E-03,9.05E-01
2006,68,69,4587.747977,4545.777344,0.007561192,1,84.928711,0.011774581,8.82E-03,9.14E-01
2006,69,70,4675.062052,4630.706055,0.007705097,1,89.438476,0.01118087,8.37E-03,9.22E-01
2006,70,71,4766.964288,4720.144531,0.007856564,1,94.289063,0.010605684,7.94E-03,9.30E-01
2006,71,72,4863.614885,4814.433594,0.008015856,1,99.507812,0.010049462,7.52E-03,9.38E-01
2006,72,73,4966.254193,4913.941406,0.008185019,1,105.743653,0.009456832,7.08E-03,9.45E-01
2006,73,74,5075.011049,5019.685059,0.008364264,1,111.579589,0.008962213,6.71E-03,9.51E-01
2006,74,75,5189.901276,5131.264648,0.008553618,1,118.646485,0.0084284,6.31E-03,9.58E-01
2006,75,76,5313.225877,5249.911133,0.008756872,1,128.739258,0.007767638,5.82E-03,9.64E-01
2006,76,77,5447.957168,5378.650391,0.008978927,1,140.793945,0.007102578,5.32E-03,9.69E-01
2006,77,78,5596.819397,5519.444336,0.009224271,1,157.429687,0.006352042,4.76E-03,9.74E-01
2006,78,79,5764.042182,5676.874023,0.009499875,1,178.337891,0.005607333,4.20E-03,9.78E-01
2006,79,80,5955.258235,5855.211914,0.009815023,1,204.400879,0.004892347,3.66E-03,9.82E-01
2006,80,81,6176.936582,6059.612793,0.010180377,1,241.743164,0.004136622,3.10E-03,9.85E-01
2006,81,82,6444.887012,6301.355957,0.010621994,1,297.510742,0.003361223,2.52E-03,9.87E-01
2006,82,83,6782.730404,6598.866699,0.011178803,1,381.34961,0.002622266,1.96E-03,9.89E-01
2006,83,84,7209.176535,6980.216309,0.01188164,1,476.239257,0.002099785,1.57E-03,9.91E-01
2006,84,85,7737.483295,7456.455566,0.012752357,1,572.042481,0.001748122,1.31E-03,9.92E-01
2006,85,86,8346.664768,8028.498047,0.013756366,1,652.533203,0.001532489,1.15E-03,9.93E-01
2006,86,87,9048.630566,8681.03125,0.014913295,1,745.892578,0.001340676,1.00E-03,9.94E-01
2006,87,88,9836.212093,9426.923828,0.016211329,1,842.820312,0.001186493,8.88E-04,9.95E-01
2006,88,89,10755.39042,10269.74414,0.017726252,1,990.67676,0.001009411,7.56E-04,9.96E-01
2006,89,90,11796.93327,11260.4209,0.019442847,1,1090.03223,0.000917404,6.87E-04,9.96E-01
2006,90,91,12930.00428,12350.45313,0.021310292,1,1174.04296,0.000851758,6.38E-04,9.97E-01
2006,91,92,14176.35221,13524.49609,0.023364432,1,1331.97754,0.000750763,5.62E-04,9.98E-01
2006,92,93,15636.62673,14856.47363,0.02577115,1,1617.68653,0.000618167,4.63E-04,9.98E-01
2006,93,94,17445.61056,16474.16016,0.028752586,1,2015.4375,0.00049617,3.72E-04,9.99E-01
2006,94,95,19670.53682,18489.59766,0.032419547,1,2410.9707,0.000414771,3.11E-04,9.99E-01
2006,95,96,22133.8011,20900.56836,0.03647932,1,2486.80469,0.000402122,3.01E-04,9.99E-01
2006,96,97,24947.38289,23387.37305,0.041116461,1,3423.59961,0.00029209,2.19E-04,9.99E-01
2006,97,98,29156.0754,26810.97266,0.048052922,1,5111.83593,0.000195624,1.46E-04,9.99E-01
2006,98,99,36296.89429,31922.80859,0.0598219,1,10569.54297,9.46E-05,7.08E-05,1.00E+00
2006,99,99.1,43457.83283,42492.35156,0.007162404,0.1,1959.96094,5.10E-05,3.82E-05,1.00E+00
2006,99.1,99.2,45616.3877,44452.3125,0.007518161,0.1,2367.21484,4.22E-05,3.16E-05,1.00E+00
2006,99.2,99.3,48210.24859,46819.52734,0.007945662,0.1,2873.99219,3.48E-05,2.61E-05,1.00E+00
2006,99.3,99.4,51403.6473,49693.51953,0.008471975,0.1,3579.30469,2.79E-05,2.09E-05,1.00E+00
2006,99.4,99.5,55512.3671,53272.82422,0.009149144,0.1,4675.12109,2.14E-05,1.60E-05,1.00E+00
2006,99.5,99.6,61014.87759,57947.94531,0.010056028,0.1,6509.32032,1.54E-05,1.15E-05,1.00E+00
2006,99.6,99.7,69015.87488,64457.26563,0.011374694,0.1,9831.24218,1.02E-05,7.62E-06,1.00E+00
2006,99.7,99.8,81967.0233,74288.50781,0.013509208,0.1,17308.5625,5.78E-06,4.33E-06,1.00E+00
2006,99.8,99.9,108721.3806,91597.07031,0.017918667,0.1,42367.83599,2.36E-06,1.77E-06,1.00E+00
2006,99.9,99.91,137961.468,133964.9063,0.002273781,0.01,8318.7031,1.20E-06,9.00E-07,1.00E+00
2006,99.91,99.92,147191.0212,142283.6094,0.002425895,0.01,10054.0469,9.95E-07,7.45E-07,1.00E+00
2006,99.92,99.93,158339.852,152337.6563,0.002609642,0.01,12413.9843,8.06E-07,6.03E-07,1.00E+00
2006,99.93,99.94,172275.0041,164751.6406,0.002839311,0.01,15741.0469,6.35E-07,4.76E-07,1.00E+00
2006,99.94,99.95,190372.1064,180492.6875,0.003137575,0.01,20942.5781,4.77E-07,3.58E-07,1.00E+00
2006,99.95,99.96,215227.6701,201435.2656,0.003547226,0.01,29233.75,3.42E-07,2.56E-07,1.00E+00
2006,99.96,99.97,251495.1797,230669.0156,0.004144961,0.01,45109.1407,2.22E-07,1.66E-07,1.00E+00
2006,99.97,99.98,311606.8459,275778.1563,0.005135677,0.01,80871.875,1.24E-07,9.26E-08,1.00E+00
2006,99.98,99.99,439097.4652,356650.0313,0.007236885,0.01,203805.9062,4.91E-08,3.67E-08,1.00E+00
2006,99.99,99.991,579742.0781,560455.9375,0.000955489,0.001,40191.4375,2.49E-08,1.86E-08,1.00E+00
2006,99.991,99.992,624073.7142,600647.375,0.001028553,0.001,48637.1875,2.06E-08,1.54E-08,1.00E+00
2006,99.992,99.993,678542.6963,649284.5625,0.001118325,0.001,60915.875,1.64E-08,1.23E-08,1.00E+00
2006,99.993,99.994,746820.6624,710200.4375,0.001230856,0.001,76461.1875,1.31E-08,9.79E-09,1.00E+00
2006,99.994,99.995,834881.9133,786661.625,0.001375992,0.001,101474.1875,9.85E-09,7.38E-09,1.00E+00
2006,99.995,99.996,954993.1197,888135.8125,0.00157395,0.001,142362.6255,7.02E-09,5.26E-09,1.00E+00
2006,99.996,99.997,1130500.109,1030498.438,0.001863208,0.001,217622.437,4.60E-09,3.44E-09,1.00E+00
2006,99.997,99.998,1418670.277,1248120.875,0.002338149,0.001,381869.5,2.62E-09,1.96E-09,1.00E+00
2006,99.998,99.999,2010981.167,1629990.375,0.003314353,0.001,930402.125,1.07E-09,8.05E-10,1.00E+00
2006,99.999,100,7002972.881,2560392.5,0.01154179,0.001,7552386.648,1.32E-10,9.91E-11,1.00E+00
2008,0,1,434.9773395,-365060.2813,0.000679733,1,365727.8321,2.73E-06,2.02E-06,2.02E-06
2008,1,2,824.4958475,667.5508423,0.001288429,1,286.6873779,0.00348812,2.58E-03,2.58E-03
2008,2,3,1032.272039,954.2382202,0.001613118,1,140.3566288,0.007124708,5.27E-03,7.85E-03
2008,3,4,1134.53424,1094.594849,0.001772922,1,76.238281,0.01311677,9.70E-03,1.76E-02
2008,4,5,1215.853796,1170.83313,0.001899999,1,95.46521,0.01047502,7.75E-03,2.53E-02
2008,5,6,1317.351435,1266.29834,0.002058608,1,98.683472,0.010133409,7.49E-03,3.28E-02
2008,6,7,1403.096182,1364.981812,0.0021926,1,70.643432,0.014155598,1.05E-02,4.33E-02
2008,7,8,1461.97198,1435.625244,0.002284604,1,52.787232,0.018943975,1.40E-02,5.73E-02
2008,8,9,1517.66542,1488.412476,0.002371636,1,60.25122,0.016597174,1.23E-02,6.96E-02
2008,9,10,1580.720347,1548.663696,0.002470171,1,63.780274,0.015678829,1.16E-02,8.12E-02
2008,10,11,1640.836072,1612.44397,0.002564113,1,54.783203,0.01825377,1.35E-02,9.47E-02
2008,11,12,1689.35099,1667.227173,0.002639926,1,42.318725,0.023630202,1.75E-02,1.12E-01
2008,12,13,1728.058986,1709.545898,0.002700415,1,36.907837,0.027094517,2.00E-02,1.32E-01
2008,13,14,1765.764701,1746.453735,0.002759337,1,39.47815,0.025330468,1.87E-02,1.51E-01
2008,14,15,1808.128112,1785.931885,0.002825538,1,45.399292,0.022026775,1.63E-02,1.67E-01
2008,15,16,1855.760688,1831.331177,0.002899973,1,49.252685,0.020303462,1.50E-02,1.82E-01
2008,16,17,1905.696113,1880.583862,0.002978006,1,50.37024,0.019852993,1.47E-02,1.97E-01
2008,17,18,1956.040526,1930.954102,0.003056679,1,50.035644,0.019985753,1.48E-02,2.12E-01
2008,18,19,2004.181768,1980.989746,0.003131908,1,45.45398,0.022000274,1.63E-02,2.28E-01
2008,19,20,2046.647388,2026.443726,0.003198269,1,39.67517,0.025204681,1.86E-02,2.47E-01
2008,20,21,2085.418558,2066.118896,0.003258856,1,38.996583,0.025643272,1.90E-02,2.66E-01
2008,21,22,2126.192205,2105.115479,0.003322572,1,43.461669,0.02300878,1.70E-02,2.83E-01
2008,22,23,2173.790513,2148.577148,0.003396954,1,51.529786,0.019406252,1.44E-02,2.97E-01
2008,23,24,2227.64224,2200.106934,0.003481107,1,54.729736,0.018271603,1.35E-02,3.10E-01
2008,24,25,2279.320148,2254.83667,0.003561863,1,47.111084,0.021226427,1.57E-02,3.26E-01
2008,25,26,2321.858626,2301.947754,0.003628338,1,39.501465,0.025315517,1.87E-02,3.45E-01
2008,26,27,2361.245289,2341.449219,0.003689887,1,40.380371,0.024764507,1.83E-02,3.63E-01
2008,27,28,2403.973884,2381.82959,0.003756658,1,44.600586,0.02242123,1.66E-02,3.80E-01
2008,28,29,2448.947517,2426.430176,0.003826938,1,45.144775,0.022150958,1.64E-02,3.96E-01
2008,29,30,2494.580596,2471.574951,0.003898248,1,46.456543,0.021525493,1.59E-02,4.12E-01
2008,30,31,2542.32611,2518.031494,0.003972859,1,48.981934,0.02041569,1.51E-02,4.27E-01
2008,31,32,2592.053689,2567.013428,0.004050568,1,50.287597,0.019885619,1.47E-02,4.42E-01
2008,32,33,2642.520277,2617.301025,0.004129431,1,50.516114,0.019795664,1.46E-02,4.56E-01
2008,33,34,2693.65108,2667.817139,0.004209333,1,51.955078,0.019247397,1.42E-02,4.71E-01
2008,34,35,2747.298983,2719.772217,0.004293168,1,55.324707,0.018075107,1.34E-02,4.84E-01
2008,35,36,2803.591825,2775.096924,0.004381136,1,57.119385,0.017507191,1.29E-02,4.97E-01
2008,36,37,2860.196363,2832.216309,0.004469591,1,55.91333,0.017884823,1.32E-02,5.10E-01
2008,37,38,2914.703961,2888.129639,0.004554769,1,52.805175,0.018937538,1.40E-02,5.24E-01
2008,38,39,2966.389616,2940.934814,0.004635538,1,50.729249,0.019712494,1.46E-02,5.39E-01
2008,39,40,3016.753696,2991.664063,0.004714241,1,49.872802,0.020051009,1.48E-02,5.54E-01
2008,40,41,3066.014924,3041.536865,0.004791221,1,48.627198,0.020564623,1.52E-02,5.69E-01
2008,41,42,3114.170618,3090.164063,0.004866473,1,48.249023,0.020725808,1.53E-02,5.84E-01
2008,42,43,3163.661595,3138.413086,0.004943812,1,50.704346,0.019722175,1.46E-02,5.99E-01
2008,43,44,3214.988175,3189.117432,0.005024019,1,51.558349,0.019395501,1.43E-02,6.13E-01
2008,44,45,3265.431222,3240.675781,0.005102846,1,49.219971,0.020316956,1.50E-02,6.28E-01
2008,45,46,3314.55329,3289.895752,0.005179608,1,49.837402,0.020065251,1.48E-02,6.43E-01
2008,46,47,3366.383171,3339.733154,0.005260602,1,53.879395,0.018559971,1.37E-02,6.56E-01
2008,47,48,3421.478699,3393.612549,0.005346699,1,55.820556,0.017914547,1.32E-02,6.70E-01
2008,48,49,3477.297145,3449.433105,0.005433926,1,55.574708,0.017993797,1.33E-02,6.83E-01
2008,49,50,3533.067018,3505.007813,0.005521077,1,56.644531,0.017653955,1.31E-02,6.96E-01
2008,50,51,3591.128417,3561.652344,0.005611809,1,59.316162,0.016858812,1.25E-02,7.09E-01
2008,51,52,3651.45184,3620.968506,0.005706075,1,60.85083,0.01643363,1.22E-02,7.21E-01
2008,52,53,3712.279457,3681.819336,0.00580113,1,60.751465,0.016460508,1.22E-02,7.33E-01
2008,53,54,3772.625825,3742.570801,0.005895432,1,59.891601,0.016696832,1.23E-02,7.45E-01
2008,54,55,3832.332413,3802.462402,0.005988735,1,59.868653,0.016703232,1.24E-02,7.58E-01
2008,55,56,3892.60935,3862.331055,0.006082929,1,60.772461,0.016454822,1.22E-02,7.70E-01
2008,56,57,3953.932521,3923.103516,0.006178758,1,61.685547,0.016211253,1.20E-02,7.82E-01
2008,57,58,4015.828126,3984.789063,0.006275481,1,62.171142,0.016084633,1.19E-02,7.94E-01
2008,58,59,4078.454397,4046.960205,0.006373346,1,63.234131,0.015814244,1.17E-02,8.05E-01
2008,59,60,4142.547959,4110.194336,0.006473505,1,64.852539,0.015419597,1.14E-02,8.17E-01
2008,60,61,4208.011966,4175.046875,0.006575804,1,66.085449,0.015131924,1.12E-02,8.28E-01
2008,61,62,4275.315153,4241.132324,0.006680978,1,68.769043,0.014541427,1.08E-02,8.39E-01
2008,62,63,4345.383963,4309.901367,0.006790474,1,71.444824,0.013996815,1.04E-02,8.49E-01
2008,63,64,4417.459719,4381.346191,0.006903105,1,72.429688,0.013806493,1.02E-02,8.59E-01
2008,64,65,4490.078707,4453.775879,0.007016586,1,72.600098,0.013774086,1.02E-02,8.70E-01
2008,65,66,4562.777556,4526.375977,0.007130192,1,73.16748,0.013667274,1.01E-02,8.80E-01
2008,66,67,4637.428223,4599.543457,0.007246847,1,76.787109,0.013023019,9.63E-03,8.89E-01
2008,67,68,4715.369866,4676.330566,0.007368646,1,78.307129,0.012770229,9.44E-03,8.99E-01
2008,68,69,4794.038897,4754.637695,0.007491581,1,79.367188,0.012599665,9.32E-03,9.08E-01
2008,69,70,4875.347502,4834.004883,0.007618641,1,82.770996,0.012081527,8.93E-03,9.17E-01
2008,70,71,4959.7668,4916.775879,0.007750562,1,86.827148,0.011517135,8.52E-03,9.26E-01
2008,71,72,5047.977692,5003.603027,0.007888407,1,89.438965,0.011180809,8.27E-03,9.34E-01
2008,72,73,5139.72391,5093.041992,0.008031778,1,94.94043,0.01053292,7.79E-03,9.42E-01
2008,73,74,5239.229725,5187.982422,0.008187274,1,103.109863,0.009698393,7.17E-03,9.49E-01
2008,74,75,5344.644635,5291.092285,0.008352005,1,107.514649,0.009301058,6.88E-03,9.56E-01
2008,75,76,5455.171224,5398.606934,0.008524723,1,114.134765,0.008761572,6.48E-03,9.62E-01
2008,76,77,5573.845987,5512.741699,0.008710175,1,124.297852,0.008045191,5.95E-03,9.68E-01
2008,77,78,5704.494489,5637.039551,0.008914338,1,138.371094,0.007226943,5.34E-03,9.74E-01
2008,78,79,5851.29392,5775.410645,0.009143739,1,156.366699,0.006395224,4.73E-03,9.78E-01
2008,79,80,6022.527145,5931.777344,0.009411323,1,186.451172,0.005363334,3.97E-03,9.82E-01
2008,80,81,6231.423025,6118.228516,0.009737762,1,235.625488,0.004244023,3.14E-03,9.85E-01
2008,81,82,6495.984781,6353.854004,0.010151189,1,295.306152,0.003386316,2.50E-03,9.88E-01
2008,82,83,6827.730826,6649.160156,0.010669604,1,369.306641,0.002707777,2.00E-03,9.90E-01
2008,83,84,7236.736123,7018.466797,0.011308751,1,452.47998,0.002210043,1.63E-03,9.91E-01
2008,84,85,7739.907297,7470.946777,0.01209505,1,551.181641,0.001814284,1.34E-03,9.93E-01
2008,85,86,8336.529178,8022.128418,0.013027383,1,649.373535,0.001539946,1.14E-03,9.94E-01
2008,86,87,9046.790427,8671.501953,0.014137299,1,765.856445,0.001305728,9.66E-04,9.95E-01
2008,87,88,9872.807352,9437.358398,0.015428104,1,899.612302,0.00111159,8.22E-04,9.96E-01
2008,88,89,10863.21869,10336.9707,0.016975807,1,1080.34473,0.00092563,6.85E-04,9.96E-01
2008,89,90,12001.27037,11417.31543,0.018754225,1,1187.62402,0.000842017,6.23E-04,9.97E-01
2008,90,91,13235.1215,12604.93945,0.020682348,1,1277.74707,0.000782628,5.79E-04,9.98E-01
2008,91,92,14581.59646,13882.68652,0.022786466,1,1440.47071,0.000694218,5.13E-04,9.98E-01
2008,92,93,16176.87201,15323.15723,0.025279382,1,1772.89746,0.000564048,4.17E-04,9.99E-01
2008,93,94,18170.54391,17096.05469,0.028394867,1,2218.59765,0.000450735,3.33E-04,9.99E-01
2008,94,95,20602.63545,19314.65234,0.032195464,1,2623.58008,0.000381159,2.82E-04,9.99E-01
2008,95,96,23306.11983,21938.23242,0.036420163,1,2795.71485,0.00035769,2.65E-04,9.99E-01
2008,96,97,26477.18969,24733.94727,0.041375551,1,3751.98046,0.000266526,1.97E-04,1.00E+00
2008,97,98,31248.78684,28485.92773,0.048832063,1,5928.0254,0.00016869,1.25E-04,1.00E+00
2008,98,99,38730.40264,34413.95313,0.060523484,1,10801.01953,9.26E-05,6.85E-05,1.00E+00
2008,99,99.1,46222.97604,45214.97266,0.007223203,0.1,2060.48437,4.85E-05,3.59E-05,1.00E+00
2008,99.1,99.2,48451.87877,47275.45703,0.007571511,0.1,2401.56641,4.16E-05,3.08E-05,1.00E+00
2008,99.2,99.3,51081.38414,49677.02344,0.00798242,0.1,2894.27734,3.46E-05,2.56E-05,1.00E+00
2008,99.3,99.4,54308.20868,52571.30078,0.008486671,0.1,3620.39453,2.76E-05,2.04E-05,1.00E+00
2008,99.4,99.5,58456.18448,56191.69531,0.00913487,0.1,4729.63282,2.11E-05,1.56E-05,1.00E+00
2008,99.5,99.6,64052.82116,60921.32813,0.010009449,0.1,6642.34375,1.51E-05,1.11E-05,1.00E+00
2008,99.6,99.7,72231.06169,67563.67188,0.011287452,0.1,10104.65625,9.90E-06,7.32E-06,1.00E+00
2008,99.7,99.8,85613.97791,77668.32813,0.013378782,0.1,17958.61718,5.57E-06,4.12E-06,1.00E+00
2008,99.8,99.9,113723.961,95626.94531,0.017771492,0.1,44945.17969,2.22E-06,1.65E-06,1.00E+00
2008,99.9,99.91,144941.1653,140572.125,0.002264976,0.01,8899.7656,1.12E-06,8.31E-07,1.00E+00
2008,99.91,99.92,154802.0824,149471.8906,0.002419072,0.01,10972.5,9.11E-07,6.74E-07,1.00E+00
2008,99.92,99.93,166933.9035,160444.3906,0.002608654,0.01,13401.3907,7.46E-07,5.52E-07,1.00E+00
2008,99.93,99.94,182041.4439,173845.7813,0.002844737,0.01,17279.375,5.79E-07,4.28E-07,1.00E+00
2008,99.94,99.95,201955.2417,191125.1563,0.003155928,0.01,22888.375,4.37E-07,3.23E-07,1.00E+00
2008,99.95,99.96,229182.1474,214013.5313,0.003581399,0.01,32435.8281,3.08E-07,2.28E-07,1.00E+00
2008,99.96,99.97,269510.6749,246449.3594,0.004211607,0.01,50294.1094,1.99E-07,1.47E-07,1.00E+00
2008,99.97,99.98,336950.7869,296743.4688,0.005265485,0.01,91073.1875,1.10E-07,8.12E-08,1.00E+00
2008,99.98,99.99,482222.1374,387816.6563,0.007535621,0.01,233976.5312,4.27E-08,3.16E-08,1.00E+00
2008,99.99,99.991,644637.0735,621793.1875,0.001007366,0.001,46773.875,2.14E-08,1.58E-08,1.00E+00
2008,99.991,99.992,696263.6528,668567.0625,0.001088042,0.001,56917.8125,1.76E-08,1.30E-08,1.00E+00
2008,99.992,99.993,759545.1986,725484.875,0.001186931,0.001,71619.25,1.40E-08,1.03E-08,1.00E+00
2008,99.993,99.994,839892.9425,797104.125,0.00131249,0.001,89864.1875,1.11E-08,8.23E-09,1.00E+00
2008,99.994,99.995,943667.654,886968.3125,0.001474657,0.001,120167.8755,8.32E-09,6.15E-09,1.00E+00
2008,99.995,99.996,1085974.773,1007136.188,0.001697038,0.001,169583.437,5.90E-09,4.36E-09,1.00E+00
2008,99.996,99.997,1295313.611,1176719.625,0.002024169,0.001,258911.625,3.86E-09,2.86E-09,1.00E+00
2008,99.997,99.998,1642422.856,1435631.25,0.002566592,0.001,465718.625,2.15E-09,1.59E-09,1.00E+00
2008,99.998,99.999,2365519.922,1901349.875,0.003696566,0.001,1143301.375,8.75E-10,6.47E-10,1.00E+00
2008,99.999,100,9103022.451,3044651.25,0.014225172,0.001,10299231.04,9.71E-11,7.18E-11,1.00E+00
2010,0,1,465.1625215,-280688.0625,0.000796658,1,281332.7658,3.55E-06,2.21E-06,2.21E-06
2010,1,2,766.4961711,644.7033081,0.001312735,1,221.6667481,0.004511277,2.80E-03,2.80E-03
2010,2,3,921.2628828,866.3700562,0.001577796,1,98.468872,0.010155494,6.30E-03,9.10E-03
2010,3,4,989.8462882,964.8389282,0.001695255,1,43.6289058,0.022920584,1.42E-02,2.33E-02
2010,4,5,1027.139961,1008.467834,0.001759126,1,39.822815,0.025111233,1.56E-02,3.89E-02
2010,5,6,1074.207279,1048.290649,0.001839735,1,53.868042,0.018563882,1.15E-02,5.04E-02
2010,6,7,1130.669014,1102.158691,0.001936434,1,56.58667,0.017672006,1.10E-02,6.14E-02
2010,7,8,1184.778304,1158.745361,0.002029104,1,50.836792,0.019670793,1.22E-02,7.36E-02
2010,8,9,1232.638538,1209.582153,0.002111072,1,45.961182,0.021757491,1.35E-02,8.71E-02
2010,9,10,1279.602467,1255.543335,0.002191504,1,48.989258,0.020412638,1.27E-02,9.98E-02
2010,10,11,1331.603543,1304.532593,0.002280563,1,55.050049,0.018165288,1.13E-02,1.11E-01
2010,11,12,1388.488688,1359.582642,0.002377987,1,57.644653,0.017347663,1.08E-02,1.22E-01
2010,12,13,1444.417574,1417.227295,0.002473774,1,53.479004,0.018698927,1.16E-02,1.34E-01
2010,13,14,1495.380279,1470.706299,0.002561055,1,48.41394,0.020655208,1.28E-02,1.46E-01
2010,14,15,1541.586841,1519.120239,0.00264019,1,44.772217,0.02233528,1.39E-02,1.60E-01
2010,15,16,1586.511821,1563.892456,0.002717131,1,45.644531,0.02190843,1.36E-02,1.74E-01
2010,16,17,1632.72287,1609.536987,0.002796274,1,46.130371,0.021677693,1.35E-02,1.87E-01
2010,17,18,1677.319944,1655.667358,0.002872653,1,42.444947,0.02355993,1.46E-02,2.02E-01
2010,18,19,1717.400688,1698.112305,0.002941297,1,38.148437,0.026213394,1.63E-02,2.18E-01
2010,19,20,1754.974142,1736.260742,0.003005647,1,37.538086,0.026639611,1.65E-02,2.35E-01
2010,20,21,1792.991059,1773.798828,0.003070756,1,38.733765,0.025817268,1.60E-02,2.51E-01
2010,21,22,1832.622631,1812.532593,0.003138631,1,40.506347,0.024687489,1.53E-02,2.66E-01
2010,22,23,1874.20696,1853.03894,0.00320985,1,42.751954,0.023390744,1.45E-02,2.81E-01
2010,23,24,1918.291646,1895.790894,0.003285351,1,45.469726,0.021992655,1.36E-02,2.94E-01
2010,24,25,1964.800964,1941.26062,0.003365005,1,47.345825,0.021121187,1.31E-02,3.07E-01
2010,25,26,2012.269261,1988.606445,0.003446302,1,46.667725,0.021428085,1.33E-02,3.21E-01
2010,26,27,2056.120252,2035.27417,0.003521403,1,40.109131,0.024931979,1.55E-02,3.36E-01
2010,27,28,2092.624339,2075.383301,0.003583921,1,33.918701,0.029482261,1.83E-02,3.54E-01
2010,28,29,2126.108748,2109.302002,0.003641268,1,33.85498,0.029537752,1.83E-02,3.73E-01
2010,29,30,2160.66837,2143.156982,0.003700457,1,35.150879,0.028448791,1.77E-02,3.90E-01
2010,30,31,2195.9303,2178.307861,0.003760848,1,35.408448,0.028241848,1.75E-02,4.08E-01
2010,31,32,2232.164123,2213.716309,0.003822903,1,37.197754,0.026883344,1.67E-02,4.25E-01
2010,32,33,2270.870024,2250.914063,0.003889193,1,40.152343,0.024905147,1.55E-02,4.40E-01
2010,33,34,2312.116386,2291.066406,0.003959833,1,42.375977,0.023598276,1.46E-02,4.55E-01
2010,34,35,2354.742078,2333.442383,0.004032836,1,42.588379,0.023480584,1.46E-02,4.69E-01
2010,35,36,2397.30333,2376.030762,0.004105728,1,42.432861,0.023566641,1.46E-02,4.84E-01
2010,36,37,2439.548638,2418.463623,0.004178079,1,42.200195,0.023696573,1.47E-02,4.99E-01
2010,37,38,2481.86899,2460.663818,0.004250559,1,42.236084,0.023676437,1.47E-02,5.13E-01
2010,38,39,2524.227136,2502.899902,0.004323104,1,42.409912,0.023579393,1.46E-02,5.28E-01
2010,39,40,2565.903638,2545.309814,0.004394481,1,41.02295,0.024376599,1.51E-02,5.43E-01
2010,40,41,2606.514035,2586.332764,0.004464032,1,40.131103,0.024918328,1.55E-02,5.58E-01
2010,41,42,2646.350888,2626.463867,0.004532258,1,39.653565,0.025218414,1.57E-02,5.74E-01
2010,42,43,2686.061038,2666.117432,0.004600267,1,39.913818,0.02505398,1.55E-02,5.90E-01
2010,43,44,2726.405793,2706.03125,0.004669364,1,41.060547,0.024354279,1.51E-02,6.05E-01
2010,44,45,2768.321564,2747.091797,0.00474115,1,42.751953,0.023390744,1.45E-02,6.19E-01
2010,45,46,2811.974206,2789.84375,0.004815912,1,44.460938,0.022491653,1.40E-02,6.33E-01
2010,46,47,2856.416435,2834.304688,0.004892026,1,44.295898,0.022575454,1.40E-02,6.47E-01
2010,47,48,2900.354569,2878.600586,0.004967276,1,43.466797,0.023006066,1.43E-02,6.62E-01
2010,48,49,2944.612996,2922.067383,0.005043075,1,45.324463,0.022063141,1.37E-02,6.75E-01
2010,49,50,2991.034356,2967.391846,0.005122578,1,47.499756,0.02105274,1.31E-02,6.88E-01
2010,50,51,3039.310592,3014.891602,0.005205258,1,48.975586,0.020418337,1.27E-02,7.01E-01
2010,51,52,3088.604262,3063.867188,0.005289681,1,49.621337,0.020152621,1.25E-02,7.14E-01
2010,52,53,3138.14699,3113.488525,0.00537453,1,49.455323,0.02022027,1.25E-02,7.26E-01
2010,53,54,3187.523045,3162.943848,0.005459094,1,49.478515,0.020210793,1.25E-02,7.39E-01
2010,54,55,3237.836597,3212.422363,0.005545263,1,51.000489,0.019607655,1.22E-02,7.51E-01
2010,55,56,3288.771161,3263.422852,0.005632496,1,50.533447,0.019788874,1.23E-02,7.63E-01
2010,56,57,3338.870188,3313.956299,0.005718297,1,49.649902,0.020141027,1.25E-02,7.76E-01
2010,57,58,3388.719342,3363.606201,0.005803671,1,50.34668,0.019862283,1.23E-02,7.88E-01
2010,58,59,3439.169658,3413.952881,0.005890075,1,50.699219,0.01972417,1.22E-02,8.00E-01
2010,59,60,3490.710278,3464.6521,0.005978345,1,52.196045,0.01915854,1.19E-02,8.12E-01
2010,60,61,3543.327334,3516.848145,0.00606846,1,52.914062,0.018898568,1.17E-02,8.24E-01
2010,61,62,3597.031975,3569.762207,0.006160437,1,54.726318,0.018272744,1.13E-02,8.35E-01
2010,62,63,3652.429168,3624.488525,0.006255312,1,56.305176,0.017760357,1.10E-02,8.46E-01
2010,63,64,3709.85226,3680.793701,0.006353658,1,58.334229,0.017142594,1.06E-02,8.57E-01
2010,64,65,3768.654408,3739.12793,0.006454365,1,58.974609,0.01695645,1.05E-02,8.67E-01
2010,65,66,3827.997357,3798.102539,0.006555998,1,59.974365,0.016673791,1.03E-02,8.77E-01
2010,66,67,3888.701146,3858.076904,0.006659962,1,61.461182,0.016270432,1.01E-02,8.87E-01
2010,67,68,3950.484363,3919.538086,0.006765775,1,62.117676,0.016098477,9.99E-03,8.97E-01
2010,68,69,4013.167556,3981.655762,0.006873129,1,63.31665,0.015793634,9.80E-03,9.07E-01
2010,69,70,4077.724656,4044.972412,0.006983692,1,66.007568,0.015149778,9.40E-03,9.17E-01
2010,70,71,4145.439014,4110.97998,0.007099663,1,69.697754,0.014347665,8.90E-03,9.25E-01
2010,71,72,4217.106468,4180.677734,0.007222404,1,73.75293,0.013558783,8.41E-03,9.34E-01
2010,72,73,4293.784424,4254.430664,0.007353726,1,79.901367,0.01251543,7.77E-03,9.42E-01
2010,73,74,4376.939488,4334.332031,0.007496141,1,86.214844,0.011598931,7.20E-03,9.49E-01
2010,74,75,4466.38677,4420.546875,0.007649332,1,93.061035,0.010745636,6.67E-03,9.56E-01
2010,75,76,4563.70055,4513.60791,0.007815996,1,101.685547,0.009834239,6.10E-03,9.62E-01
2010,76,77,4669.173387,4615.293457,0.007996634,1,109.146484,0.009161999,5.69E-03,9.67E-01
2010,77,78,4782.675859,4724.439941,0.008191023,1,118.353028,0.008449298,5.24E-03,9.73E-01
2010,78,79,4907.530536,4842.792969,0.008404855,1,132.821777,0.007528886,4.67E-03,9.77E-01
2010,79,80,5050.714271,4975.614746,0.008650078,1,153.823242,0.006500968,4.03E-03,9.81E-01
2010,80,81,5219.776531,5129.437988,0.008939621,1,188.843262,0.005295397,3.29E-03,9.85E-01
2010,81,82,5432.556416,5318.28125,0.009304037,1,236.279297,0.004232279,2.63E-03,9.87E-01
2010,82,83,5697.863904,5554.560547,0.009758415,1,295.66748,0.003382178,2.10E-03,9.89E-01
2010,83,84,6025.07669,5850.228027,0.010318814,1,364.555176,0.002743069,1.70E-03,9.91E-01
2010,84,85,6435.105213,6214.783203,0.011021047,1,452.267578,0.00221108,1.37E-03,9.92E-01
2010,85,86,6921.79701,6667.050781,0.011854577,1,523.001465,0.001912041,1.19E-03,9.94E-01
2010,86,87,7480.176925,7190.052246,0.012810883,1,586.640625,0.001704621,1.06E-03,9.95E-01
2010,87,88,8091.707628,7776.692871,0.013858218,1,647.30127,0.001544876,9.59E-04,9.96E-01
2010,88,89,8806.562646,8423.994141,0.01508251,1,788.230468,0.001268664,7.87E-04,9.96E-01
2010,89,90,9671.16062,9212.224609,0.016563259,1,950.091801,0.00105253,6.53E-04,9.97E-01
2010,90,91,10718.30635,10162.31641,0.018356647,1,1141.51757,0.000876027,5.44E-04,9.98E-01
2010,91,92,11925.79247,11303.83398,0.020424642,1,1236.06739,0.000809017,5.02E-04,9.98E-01
2010,92,93,13142.82213,12539.90137,0.022508981,1,1217.91699,0.000821074,5.10E-04,9.99E-01
2010,93,94,14458.425,13757.81836,0.024762141,1,1487.16992,0.000672418,4.17E-04,9.99E-01
2010,94,95,16290.54122,15244.98828,0.027899904,1,2277.50781,0.000439076,2.72E-04,9.99E-01
2010,95,96,19053.88301,17522.49609,0.032632526,1,3122.83399,0.000320222,1.99E-04,9.99E-01
2010,96,97,22444.36614,20645.33008,0.038439218,1,3919.69531,0.000255122,1.58E-04,1.00E+00
2010,97,98,27555.0944,24565.02539,0.047192078,1,5996.4082,0.000166766,1.03E-04,1.00E+00
2010,98,99,37013.4561,30561.43359,0.063390888,1,17086.44141,5.85E-05,3.63E-05,1.00E+00
2010,99,99.1,49256.57304,47647.875,0.008435899,0.1,3296.53906,3.03E-05,1.88E-05,1.00E+00
2010,99.1,99.2,52837.44976,50944.41406,0.009049176,0.1,3956.83203,2.53E-05,1.57E-05,1.00E+00
2010,99.2,99.3,57255.40205,54901.24609,0.009805814,0.1,4853.26954,2.06E-05,1.28E-05,1.00E+00
2010,99.3,99.4,62640.7062,59754.51563,0.010728126,0.1,6029.15625,1.66E-05,1.03E-05,1.00E+00
2010,99.4,99.5,69591.76194,65783.67188,0.011918594,0.1,7946.53125,1.26E-05,7.81E-06,1.00E+00
2010,99.5,99.6,78892.6795,73730.20313,0.013511511,0.1,10963.98437,9.12E-06,5.66E-06,1.00E+00
2010,99.6,99.7,92386.66411,84694.1875,0.01582255,0.1,16707.5156,5.99E-06,3.71E-06,1.00E+00
2010,99.7,99.8,114206.9222,101401.7031,0.019559585,0.1,28785.4219,3.47E-06,2.16E-06,1.00E+00
2010,99.8,99.9,158803.0225,130187.125,0.027197311,0.1,70112.4375,1.43E-06,8.85E-07,1.00E+00
2010,99.9,99.91,206987.8737,200299.5625,0.003544966,0.01,13713.8594,7.29E-07,4.53E-07,1.00E+00
2010,99.91,99.92,222017.7856,214013.4219,0.003802375,0.01,16502.9375,6.06E-07,3.76E-07,1.00E+00
2010,99.92,99.93,240189.4567,230516.3594,0.004113591,0.01,20169.7969,4.96E-07,3.08E-07,1.00E+00
2010,99.93,99.94,262880.0541,250686.1563,0.004502201,0.01,25408.8437,3.94E-07,2.44E-07,1.00E+00
2010,99.94,99.95,291856.3449,276095,0.004998461,0.01,33699.4375,2.97E-07,1.84E-07,1.00E+00
2010,99.95,99.96,331985.432,309794.4375,0.00568573,0.01,46893.8438,2.13E-07,1.32E-07,1.00E+00
2010,99.96,99.97,389458.7152,356688.2813,0.006670043,0.01,71397.0312,1.40E-07,8.69E-08,1.00E+00
2010,99.97,99.98,484052.4468,428085.3125,0.008290097,0.01,126030.5,7.93E-08,4.92E-08,1.00E+00
2010,99.98,99.99,680203.9296,554115.8125,0.011649475,0.01,311337.5,3.21E-08,1.99E-08,1.00E+00
2010,99.99,99.991,894044.3865,865453.3125,0.00153118,0.001,59429.6875,1.68E-08,1.04E-08,1.00E+00
2010,99.991,99.992,960280.853,924883,0.00164462,0.001,71558.375,1.40E-08,8.67E-09,1.00E+00
2010,99.992,99.993,1040279.951,996441.375,0.00178163,0.001,90062.125,1.11E-08,6.89E-09,1.00E+00
2010,99.993,99.994,1141384.37,1086503.5,0.001954786,0.001,114954.125,8.70E-09,5.40E-09,1.00E+00
2010,99.994,99.995,1271024.69,1201457.625,0.002176813,0.001,149597.375,6.68E-09,4.15E-09,1.00E+00
2010,99.995,99.996,1449310.616,1351055,0.002482154,0.001,207018.625,4.83E-09,3.00E-09,1.00E+00
2010,99.996,99.997,1704617.086,1558073.625,0.002919403,0.001,316736.25,3.16E-09,1.96E-09,1.00E+00
2010,99.997,99.998,2122331.704,1874809.875,0.0036348,0.001,556207.125,1.80E-09,1.12E-09,1.00E+00
2010,99.998,99.999,2975084.389,2431017,0.005095262,0.001,1341213.5,7.46E-10,4.63E-10,1.00E+00
2010,99.999,100,9939989.799,3772230.5,0.017023668,0.001,10485190.81,9.54E-11,5.92E-11,1.00E+00
2013,0,1,295.7865074,-304592.75,0.000525197,1,305092.7424,3.28E-06,2.23E-06,2.23E-06
2013,1,2,639.0955247,499.9923706,0.001134775,1,252.317749,0.003963257,2.70E-03,2.70E-03
2013,2,3,815.2494528,752.3101196,0.001447553,1,112.7774048,0.008867024,6.04E-03,8.74E-03
2013,3,4,893.4802274,865.0875244,0.001586459,1,52.0841675,0.019199692,1.31E-02,2.18E-02
2013,4,5,945.6115668,917.1716919,0.001679023,1,61.913269,0.016151627,1.10E-02,3.28E-02
2013,5,6,1018.908773,979.0849609,0.001809169,1,79.6777341,0.012550558,8.55E-03,4.14E-02
2013,6,7,1095.571254,1058.762695,0.001945291,1,71.019654,0.014080609,9.59E-03,5.10E-02
2013,7,8,1159.225618,1129.782349,0.002058315,1,57.076782,0.017520259,1.19E-02,6.29E-02
2013,8,9,1212.716495,1186.859131,0.002153294,1,50.792358,0.019688001,1.34E-02,7.63E-02
2013,9,10,1261.074619,1237.651489,0.002239158,1,46.2052,0.021642586,1.47E-02,9.10E-02
2013,10,11,1306.211841,1283.856689,0.002319303,1,45.116211,0.022164982,1.51E-02,1.06E-01
2013,11,12,1353.594109,1328.9729,0.002403435,1,50.875122,0.019655973,1.34E-02,1.19E-01
2013,12,13,1408.500384,1379.848022,0.002500926,1,57.916626,0.017266199,1.18E-02,1.31E-01
2013,13,14,1466.866216,1437.764648,0.002604561,1,57.204224,0.017481227,1.19E-02,1.43E-01
2013,14,15,1520.428951,1494.968872,0.002699666,1,49.219849,0.020317007,1.38E-02,1.57E-01
2013,15,16,1565.190752,1544.188721,0.002779145,1,41.372314,0.024170753,1.65E-02,1.73E-01
2013,16,17,1606.236774,1585.561035,0.002852026,1,42.074463,0.023767386,1.62E-02,1.90E-01
2013,17,18,1651.060992,1627.635498,0.002931616,1,47.459351,0.021070663,1.44E-02,2.04E-01
2013,18,19,1698.797569,1675.094849,0.003016377,1,45.373657,0.02203922,1.50E-02,2.19E-01
2013,19,20,1737.950492,1720.468506,0.003085896,1,34.233765,0.029210927,1.99E-02,2.39E-01
2013,20,21,1771.657659,1754.702271,0.003145747,1,34.683227,0.028832381,1.96E-02,2.59E-01
2013,21,22,1810.447619,1789.385498,0.003214622,1,43.603027,0.022934188,1.56E-02,2.74E-01
2013,22,23,1856.628097,1832.988525,0.00329662,1,46.738892,0.021395458,1.46E-02,2.89E-01
2013,23,24,1900.655187,1879.727417,0.003374794,1,40.58374,0.02464041,1.68E-02,3.06E-01
2013,24,25,1938.886279,1920.311157,0.003442677,1,36.924072,0.027082603,1.84E-02,3.24E-01
2013,25,26,1975.898926,1957.235229,0.003508396,1,37.904542,0.026382063,1.80E-02,3.42E-01
2013,26,27,2015.08332,1995.139771,0.003577972,1,40.577636,0.024644117,1.68E-02,3.59E-01
2013,27,28,2057.375059,2035.717407,0.003653065,1,44.004029,0.022725192,1.55E-02,3.74E-01
2013,28,29,2103.093179,2079.721436,0.003734242,1,47.15039,0.021208732,1.44E-02,3.89E-01
2013,29,30,2151.189047,2126.871826,0.003819641,1,48.205322,0.020744597,1.41E-02,4.03E-01
2013,30,31,2197.716228,2175.077148,0.003902254,1,44.721436,0.022360642,1.52E-02,4.18E-01
2013,31,32,2241.262078,2219.798584,0.003979574,1,43.455566,0.023012012,1.57E-02,4.34E-01
2013,32,33,2286.097705,2263.25415,0.004059184,1,46.249756,0.021621736,1.47E-02,4.48E-01
2013,33,34,2333.041612,2309.503906,0.004142537,1,46.6875,0.021419009,1.46E-02,4.63E-01
2013,34,35,2377.661401,2356.191406,0.004221764,1,42.345215,0.023615419,1.61E-02,4.79E-01
2013,35,36,2419.084809,2398.536621,0.004295315,1,41.338135,0.024190738,1.65E-02,4.96E-01
2013,36,37,2461.775179,2439.874756,0.004371116,1,44.428467,0.022508091,1.53E-02,5.11E-01
2013,37,38,2508.060559,2484.303223,0.0044533,1,47.907226,0.020873678,1.42E-02,5.25E-01
2013,38,39,2556.801972,2532.210449,0.004539845,1,49.218994,0.02031736,1.38E-02,5.39E-01
2013,39,40,2605.486999,2581.429443,0.00462629,1,47.826661,0.02090884,1.42E-02,5.53E-01
2013,40,41,2652.894313,2629.256104,0.004710466,1,47.615722,0.021001467,1.43E-02,5.67E-01
2013,41,42,2701.757412,2676.871826,0.004797227,1,50.511475,0.019797482,1.35E-02,5.81E-01
2013,42,43,2753.468354,2727.383301,0.004889045,1,52.090576,0.01919733,1.31E-02,5.94E-01
2013,43,44,2804.961361,2779.473877,0.004980476,1,50.375,0.019851117,1.35E-02,6.07E-01
2013,44,45,2854.451254,2829.848877,0.00506835,1,49.386475,0.020248459,1.38E-02,6.21E-01
2013,45,46,2904.432353,2879.235352,0.005157096,1,50.420166,0.019833334,1.35E-02,6.35E-01
2013,46,47,2954.791625,2929.655518,0.005246514,1,49.873535,0.020050714,1.37E-02,6.48E-01
2013,47,48,3003.568704,2979.529053,0.005333122,1,47.756347,0.020939625,1.43E-02,6.63E-01
2013,48,49,3050.853544,3027.2854,0.005417081,1,47.369873,0.021110464,1.44E-02,6.77E-01
2013,49,50,3099.021926,3074.655273,0.005502608,1,49.04126,0.020390993,1.39E-02,6.91E-01
2013,50,51,3148.847245,3123.696533,0.005591078,1,50.49585,0.019803608,1.35E-02,7.05E-01
2013,51,52,3200.082192,3174.192383,0.00568205,1,51.84375,0.019288728,1.31E-02,7.18E-01
2013,52,53,3252.287487,3226.036133,0.005774746,1,52.857666,0.018918732,1.29E-02,7.31E-01
2013,53,54,3305.793051,3278.893799,0.00586975,1,54.248535,0.018433678,1.26E-02,7.43E-01
2013,54,55,3361.058879,3333.142334,0.00596788,1,56.480713,0.017705159,1.21E-02,7.55E-01
2013,55,56,3418.103593,3389.623047,0.006069168,1,57.231445,0.017472912,1.19E-02,7.67E-01
2013,56,57,3475.264225,3446.854492,0.006170662,1,56.60376,0.017666671,1.20E-02,7.79E-01
2013,57,58,3531.453196,3503.458252,0.006270431,1,55.94751,0.017873896,1.22E-02,7.91E-01
2013,58,59,3587.517596,3559.405762,0.006369979,1,56.454101,0.017713505,1.21E-02,8.03E-01
2013,59,60,3644.372699,3615.859863,0.00647093,1,57.049317,0.017528694,1.19E-02,8.15E-01
2013,60,61,3701.420298,3672.90918,0.006572224,1,57.053466,0.017527419,1.19E-02,8.27E-01
2013,61,62,3759.007096,3729.962646,0.006674475,1,58.338868,0.017141231,1.17E-02,8.39E-01
2013,62,63,3818.085347,3788.301514,0.006779374,1,59.973632,0.016673994,1.14E-02,8.50E-01
2013,63,64,3879.184284,3848.275146,0.006887861,1,62.357667,0.01603652,1.09E-02,8.61E-01
2013,64,65,3942.819241,3910.632813,0.007000851,1,64.60791,0.015477981,1.05E-02,8.72E-01
2013,65,66,4008.401452,3975.240723,0.007117298,1,66.632568,0.015007676,1.02E-02,8.82E-01
2013,66,67,4076.12656,4041.873291,0.00723755,1,68.61499,0.014574075,9.93E-03,8.92E-01
2013,67,68,4145.455367,4110.488281,0.00736065,1,69.952637,0.014295387,9.74E-03,9.02E-01
2013,68,69,4216.244156,4180.440918,0.007486343,1,71.963379,0.013895957,9.46E-03,9.11E-01
2013,69,70,4289.338703,4252.404297,0.007616129,1,74.618652,0.013401475,9.13E-03,9.20E-01
2013,70,71,4365.934374,4327.022949,0.007752132,1,78.45752,0.012745751,8.68E-03,9.29E-01
2013,71,72,4447.096455,4405.480469,0.007896243,1,84.117187,0.011888177,8.10E-03,9.37E-01
2013,72,73,4533.573425,4489.597656,0.008049791,1,88.810547,0.011259924,7.67E-03,9.45E-01
2013,73,74,4625.662159,4578.408203,0.008213303,1,95.293457,0.0104939,7.15E-03,9.52E-01
2013,74,75,4724.449972,4673.70166,0.00838871,1,103.231445,0.009686971,6.60E-03,9.58E-01
2013,75,76,4832.837421,4776.933105,0.008581162,1,114.045899,0.008768399,5.97E-03,9.64E-01
2013,76,77,4953.577148,4890.979004,0.008795547,1,127.083496,0.007868842,5.36E-03,9.70E-01
2013,77,78,5089.263921,5018.0625,0.009036472,1,145.593262,0.00686845,4.68E-03,9.74E-01
2013,78,79,5246.453625,5163.655762,0.009315577,1,170.523926,0.00586428,3.99E-03,9.78E-01
2013,79,80,5432.870763,5334.179688,0.009646579,1,203.505371,0.004913875,3.35E-03,9.82E-01
2013,80,81,5655.571607,5537.685059,0.010042005,1,242.694824,0.004120401,2.81E-03,9.85E-01
2013,81,82,5918.07931,5780.379883,0.010508113,1,281.141601,0.003556926,2.42E-03,9.87E-01
2013,82,83,6220.301559,6061.521484,0.011044737,1,325.018555,0.003076747,2.10E-03,9.89E-01
2013,83,84,6573.569929,6386.540039,0.011671999,1,388.640625,0.002573071,1.75E-03,9.91E-01
2013,84,85,7011.455347,6775.180664,0.012449506,1,486.533691,0.002055356,1.40E-03,9.92E-01
2013,85,86,7541.206056,7261.714355,0.013390129,1,577.026856,0.001733022,1.18E-03,9.93E-01
2013,86,87,8166.192052,7838.741211,0.014499851,1,665.299805,0.001503082,1.02E-03,9.94E-01
2013,87,88,8872.206378,8504.041016,0.015753446,1,759.756836,0.001316211,8.96E-04,9.95E-01
2013,88,89,9712.192843,9263.797852,0.017244922,1,919.349608,0.001087725,7.41E-04,9.96E-01
2013,89,90,10687.16586,10183.14746,0.018976079,1,1024.41113,0.000976171,6.65E-04,9.97E-01
2013,90,91,11753.35691,11207.55859,0.020869203,1,1106.01172,0.00090415,6.16E-04,9.97E-01
2013,91,92,12920.17263,12313.57031,0.022940995,1,1244.01172,0.000803851,5.48E-04,9.98E-01
2013,92,93,14283.78978,13557.58203,0.025362227,1,1490.10156,0.000671095,4.57E-04,9.98E-01
2013,93,94,15884.5728,15047.68359,0.02820457,1,1698.79102,0.000588654,4.01E-04,9.99E-01
2013,94,95,17639.20595,16746.47461,0.031320088,1,1804.81641,0.000554073,3.77E-04,9.99E-01
2013,95,96,19591.88574,18551.29102,0.034787256,1,2218.54492,0.000450746,3.07E-04,9.99E-01
2013,96,97,22501.7072,20769.83594,0.039953921,1,3839.44726,0.000260454,1.77E-04,1.00E+00
2013,97,98,27704.19983,24609.2832,0.049191441,1,6692.1875,0.000149428,1.02E-04,1.00E+00
2013,98,99,34876.58046,31301.4707,0.061926685,1,8674.09571,0.000115286,7.85E-05,1.00E+00
2013,99,99.1,40817.17344,39975.56641,0.007247477,0.1,1654.04687,6.05E-05,4.12E-05,1.00E+00
2013,99.1,99.2,42538.68255,41629.61328,0.007553148,0.1,1910.63672,5.23E-05,3.56E-05,1.00E+00
2013,99.2,99.3,44662.9153,43540.25,0.007930325,0.1,2305.27344,4.34E-05,2.95E-05,1.00E+00
2013,99.3,99.4,47212.99747,45845.52344,0.008383117,0.1,2904.3789,3.44E-05,2.35E-05,1.00E+00
2013,99.4,99.5,50579.7148,48749.90234,0.008980909,0.1,3824.10938,2.61E-05,1.78E-05,1.00E+00
2013,99.5,99.6,55107.21594,52574.01172,0.00978481,0.1,5404.69141,1.85E-05,1.26E-05,1.00E+00
2013,99.6,99.7,61808.35108,57978.70313,0.010974661,0.1,8319.35937,1.20E-05,8.19E-06,1.00E+00
2013,99.7,99.8,72912.31589,66298.0625,0.012946275,0.1,15027.625,6.65E-06,4.53E-06,1.00E+00
2013,99.8,99.9,96791.265,81325.6875,0.01718621,0.1,38675.7578,2.59E-06,1.76E-06,1.00E+00
2013,99.9,99.91,123811.2886,120001.4453,0.002198387,0.01,7808.5078,1.28E-06,8.72E-07,1.00E+00
2013,99.91,99.92,132443.2896,127809.9531,0.002351657,0.01,9579.6719,1.04E-06,7.11E-07,1.00E+00
2013,99.92,99.93,143142.9729,137389.625,0.00254164,0.01,11940.1563,8.38E-07,5.70E-07,1.00E+00
2013,99.93,99.94,156561.6657,149329.7813,0.002779901,0.01,15214.3437,6.57E-07,4.48E-07,1.00E+00
2013,99.94,99.95,174322.0011,164544.125,0.003095253,0.01,20587.1875,4.86E-07,3.31E-07,1.00E+00
2013,99.95,99.96,198871.9596,185131.3125,0.003531161,0.01,29270.2656,3.42E-07,2.33E-07,1.00E+00
2013,99.96,99.97,235367.1754,214401.5781,0.004179168,0.01,46016.5938,2.17E-07,1.48E-07,1.00E+00
2013,99.97,99.98,298003.8792,260418.1719,0.005291342,0.01,84658.5469,1.18E-07,8.05E-08,1.00E+00
2013,99.98,99.99,434321.9556,345076.7188,0.007711799,0.01,223014.5937,4.48E-08,3.05E-08,1.00E+00
2013,99.99,99.991,589659.0016,568091.3125,0.001046996,0.001,44768.75,2.23E-08,1.52E-08,1.00E+00
2013,99.991,99.992,639260.8119,612860.0625,0.001135068,0.001,54982.5625,1.82E-08,1.24E-08,1.00E+00
2013,99.992,99.993,700540.8368,667842.625,0.001243877,0.001,68356.9375,1.46E-08,9.96E-09,1.00E+00
2013,99.993,99.994,778841.8962,736199.5625,0.001382908,0.001,88137.375,1.13E-08,7.73E-09,1.00E+00
2013,99.994,99.995,880853.8901,824336.9375,0.00156404,0.001,118538.75,8.44E-09,5.75E-09,1.00E+00
2013,99.995,99.996,1021444.072,942875.6875,0.001813671,0.001,168744.3125,5.93E-09,4.04E-09,1.00E+00
2013,99.996,99.997,1230955.383,1111620,0.002185678,0.001,259387.625,3.86E-09,2.63E-09,1.00E+00
2013,99.997,99.998,1582098.689,1371007.625,0.002809167,0.001,474699.75,2.11E-09,1.43E-09,1.00E+00
2013,99.998,99.999,2331047.413,1845707.375,0.004138996,0.001,1205820.875,8.29E-10,5.65E-10,1.00E+00
2013,99.999,100,10699581.45,3051528.25,0.018998124,0.001,13001690.44,7.69E-11,5.24E-11,1.00E+00
